{"cameraMode":{"drawMode":0,"name":"Shaded","section":"Shading Mode"},"sceneLighting":true,"audioPlay":false,"sceneViewState":{"showFog":true,"showMaterialUpdate":false,"showSkybox":true,"showFlares":true,"showImageEffects":true,"showParticleSystems":true},"in2DMode":false,"pivot":{"x":1.7211079597473145,"y":-3.170130729675293,"z":-5.886631965637207},"rotation":{"x":0.17382746934890748,"y":0.16692028939723969,"z":-0.029911180958151819,"w":0.9700654745101929},"size":9.051560401916504,"orthographic":true}